kind,start_day,strength,peak_infectious,peak_day,cumulative_deaths,cumulative_infections,attack_rate,vaccinated
lockdown,0.0,0.0,134503.70805828852,120.0,8941.076039269194,894107.603926919,0.894107603926919,0.0
lockdown,0.0,0.075,134398.76901961808,126.0,8940.61786508411,894061.7865084101,0.8940617865084102,0.0
lockdown,0.0,0.15,134417.30818816804,133.0,8940.522491341426,894052.2491341461,0.8940522491341462,0.0
lockdown,0.0,0.225,134426.4260718587,140.0,8940.577561680831,894057.7561680852,0.8940577561680851,0.0
lockdown,0.0,0.3,134411.07584080868,147.0,8940.678263856054,894067.8263856063,0.8940678263856063,0.0
lockdown,0.0,0.375,134456.85289918963,155.0,8940.77800505657,894077.8005056599,0.8940778005056599,0.0
lockdown,0.0,0.45,134454.94999633793,163.0,8940.859895226642,894085.9895226635,0.8940859895226635,0.0
lockdown,0.0,0.525,134480.4423224041,172.0,8940.92097227189,894092.0972271903,0.8940920972271903,0.0
lockdown,0.0,0.6,134436.68569428843,181.0,8940.96390944708,894096.3909447073,0.8940963909447073,0.0
lockdown,0.0,0.675,134481.93408119396,192.0,8940.99295263124,894099.2952631264,0.8940992952631264,0.0
lockdown,0.0,0.75,134462.51813549388,203.0,8941.0121428721,894101.2142872101,0.8941012142872101,0.0
lockdown,0.0,0.825,134473.18724888944,217.0,8941.02470223113,894102.4702231148,0.8941024702231148,0.0
lockdown,0.0,0.9,134497.71269022848,233.0,8941.032960567503,894103.296056752,0.894103296056752,0.0
lockdown,10.0,0.0,134503.70805828852,120.0,8941.076039269194,894107.603926919,0.894107603926919,0.0
lockdown,10.0,0.075,134299.3734211957,126.0,8939.84955120061,893984.9551200626,0.8939849551200626,0.0
lockdown,10.0,0.15,134254.83581971924,133.0,8939.567065071347,893956.7065071345,0.8939567065071344,0.0
lockdown,10.0,0.225,134237.5253242151,140.0,8939.691383214433,893969.1383214429,0.8939691383214429,0.0
lockdown,10.0,0.3,134296.87588966466,147.0,8939.949048228686,893994.9048228724,0.8939949048228724,0.0
lockdown,10.0,0.375,134367.55895455723,154.0,8940.213927101982,894021.3927101981,0.8940213927101981,0.0
lockdown,10.0,0.45,134404.90403698778,162.0,8940.437276586365,894043.7276586381,0.8940437276586382,0.0
lockdown,10.0,0.525,134390.90572553102,170.0,8940.607922097639,894060.7922097645,0.8940607922097645,0.0
lockdown,10.0,0.6,134399.60513559627,179.0,8940.730748588314,894073.0748588325,0.8940730748588325,0.0
lockdown,10.0,0.675,134439.81723898998,189.0,8940.815810678347,894081.5810678351,0.8940815810678351,0.0
lockdown,10.0,0.75,134457.99354344734,200.0,8940.87333762213,894087.3337622121,0.894087333762212,0.0
lockdown,10.0,0.825,134459.2838454679,213.0,8940.9118266028,894091.1826602785,0.8940911826602785,0.0
lockdown,10.0,0.9,134454.9713107973,228.0,8940.937630910108,894093.7630910117,0.8940937630910116,0.0
lockdown,20.0,0.0,134503.70805828852,120.0,8941.076039269194,894107.603926919,0.894107603926919,0.0
lockdown,20.0,0.075,133983.0782517776,126.0,8937.859331752068,893785.9331752049,0.8937859331752049,0.0
lockdown,20.0,0.15,133878.1062272346,133.0,8937.101003508502,893710.1003508484,0.8937101003508484,0.0
lockdown,20.0,0.225,133899.36404290947,140.0,8937.419544796372,893741.9544796351,0.8937419544796351,0.0
lockdown,20.0,0.3,134019.29930364736,147.0,8938.09593545897,893809.5935458976,0.8938095935458976,0.0
lockdown,20.0,0.375,134142.47313902754,154.0,8938.794619492719,893879.46194927,0.89387946194927,0.0
lockdown,20.0,0.45,134240.30449246027,162.0,8939.384920505623,893938.4920505624,0.8939384920505624,0.0
lockdown,20.0,0.525,134262.85349330018,170.0,8939.836358972394,893983.6358972414,0.8939836358972414,0.0
lockdown,20.0,0.6,134304.44531936446,179.0,8940.161462737251,894016.1462737244,0.8940161462737244,0.0
lockdown,20.0,0.675,134369.7055624348,189.0,8940.386678969007,894038.6678969003,0.8940386678969003,0.0
lockdown,20.0,0.75,134404.1686566334,200.0,8940.539024925672,894053.9024925688,0.8940539024925688,0.0
lockdown,20.0,0.825,134417.9870417335,213.0,8940.64096971708,894064.0969717106,0.8940640969717105,0.0
lockdown,20.0,0.9,134419.55550041771,228.0,8940.709326145483,894070.9326145464,0.8940709326145464,0.0
lockdown,30.0,0.0,134503.70805828852,120.0,8941.076039269194,894107.603926919,0.894107603926919,0.0
lockdown,30.0,0.075,133177.82867937032,126.0,8932.765770225575,893276.5770225583,0.8932765770225584,0.0
lockdown,30.0,0.15,132892.78566155993,133.0,8930.692219779621,893069.2219779642,0.8930692219779641,0.0
lockdown,30.0,0.225,133001.20950481915,140.0,8931.465255801813,893146.5255801852,0.8931465255801853,0.0
lockdown,30.0,0.3,133278.84966755906,147.0,8933.216954919088,893321.6954919095,0.8933216954919095,0.0
lockdown,30.0,0.375,133543.99191195317,154.0,8935.048865137887,893504.8865137894,0.8935048865137895,0.0
lockdown,30.0,0.45,133801.28505512027,162.0,8936.60416900178,893660.4169001776,0.8936604169001776,0.0
lockdown,30.0,0.525,133943.2509054097,171.0,8937.796276723295,893779.6276723305,0.8937796276723304,0.0
lockdown,30.0,0.6,134081.79198697524,180.0,8938.655705289331,893865.5705289352,0.8938655705289352,0.0
lockdown,30.0,0.675,134179.62064748522,189.0,8939.251417684354,893925.1417684357,0.8939251417684357,0.0
lockdown,30.0,0.75,134257.31065026007,200.0,8939.654514220178,893965.4514220186,0.8939654514220186,0.0
lockdown,30.0,0.825,134312.86388480177,213.0,8939.92430603702,893992.4306037007,0.8939924306037007,0.0
lockdown,30.0,0.9,134333.00290967754,228.0,8940.105229812187,894010.5229812186,0.8940105229812186,0.0
lockdown,40.0,0.0,134503.70805828852,120.0,8941.076039269194,894107.603926919,0.894107603926919,0.0
lockdown,40.0,0.075,131262.8345885864,127.0,8920.383447655968,892038.3447655985,0.8920383447655985,0.0
lockdown,40.0,0.15,130407.5252817866,133.0,8914.511707920681,891451.170792068,0.891451170792068,0.0
lockdown,40.0,0.225,130660.0115643252,140.0,8916.104002226408,891610.4002226393,0.8916104002226393,0.0
lockdown,40.0,0.3,131316.93804553157,147.0,8920.479410241,892047.9410241022,0.8920479410241021,0.0
lockdown,40.0,0.375,132016.69889648972,155.0,8925.207316286916,892520.73162869,0.8925207316286901,0.0
lockdown,40.0,0.45,132626.44426400546,162.0,8929.273260822147,892927.3260822169,0.8929273260822169,0.0
lockdown,40.0,0.525,133146.73728209225,171.0,8932.408156629861,893240.8156629867,0.8932408156629867,0.0
lockdown,40.0,0.6,133495.90322099728,180.0,8934.674755655771,893467.4755655737,0.8934674755655737,0.0
lockdown,40.0,0.675,133709.38433593477,190.0,8936.248203089655,893624.8203089683,0.8936248203089683,0.0
lockdown,40.0,0.75,133863.86229052363,200.0,8937.313803072222,893731.3803072202,0.8937313803072201,0.0
lockdown,40.0,0.825,134027.41354927426,213.0,8938.027375812611,893802.737581261,0.8938027375812609,0.0
lockdown,40.0,0.9,134097.37221191888,228.0,8938.506078757853,893850.6078757852,0.8938506078757852,0.0
lockdown,50.0,0.0,134503.70805828852,120.0,8941.076039269194,894107.603926919,0.894107603926919,0.0
lockdown,50.0,0.075,127284.25863486085,127.0,8893.59665168038,889359.6651680415,0.8893596651680414,0.0
lockdown,50.0,0.15,124775.86914293839,134.0,8876.42093557898,887642.0935578989,0.8876420935578989,0.0
lockdown,50.0,0.225,125014.77016438374,141.0,8878.023247244048,887802.3247244062,0.8878023247244062,0.0
lockdown,50.0,0.3,126472.03527822884,148.0,8887.953225190657,888795.322519066,0.888795322519066,0.0
lockdown,50.0,0.375,128178.70492453808,155.0,8899.663508416934,889966.3508416957,0.8899663508416957,0.0
lockdown,50.0,0.45,129753.50683543937,163.0,8910.077901413382,891007.7901413394,0.8910077901413395,0.0
lockdown,50.0,0.525,130960.93814641127,171.0,8918.232281308234,891823.2281308203,0.8918232281308204,0.0
lockdown,50.0,0.6,131877.91615579693,180.0,8924.172945899867,892417.2945899875,0.8924172945899875,0.0
lockdown,50.0,0.675,132526.50997642,190.0,8928.313223470604,892831.3223470586,0.8928313223470585,0.0
lockdown,50.0,0.75,132952.47123596718,201.0,8931.123449414039,893112.3449414046,0.8931123449414047,0.0
lockdown,50.0,0.825,133236.96081055165,213.0,8933.00791599082,893300.7915990809,0.8933007915990809,0.0
lockdown,50.0,0.9,133441.5913829719,228.0,8934.273306435758,893427.330643578,0.8934273306435779,0.0
lockdown,60.0,0.0,134503.70805828852,120.0,8941.076039269194,894107.603926919,0.894107603926919,0.0
lockdown,60.0,0.075,120853.93134239176,126.0,8847.202665264374,884720.2665264377,0.8847202665264378,0.0
lockdown,60.0,0.15,114189.44231903096,134.0,8799.230135122869,879923.0135122896,0.8799230135122896,0.0
lockdown,60.0,0.225,113182.18235128031,142.0,8791.97447059232,879197.4470592347,0.8791974470592347,0.0
lockdown,60.0,0.3,115495.01340458932,149.0,8809.276851534247,880927.6851534311,0.8809276851534311,0.0
lockdown,60.0,0.375,118998.38881443755,157.0,8835.381629416312,883538.1629416299,0.8835381629416299,0.0
lockdown,60.0,0.45,122523.84223529296,164.0,8860.692046105012,886069.2046105,0.8860692046105,0.0
lockdown,60.0,0.525,125458.86534573403,173.0,8881.310098861042,888131.0098861054,0.8881310098861054,0.0
lockdown,60.0,0.6,127728.41554494278,181.0,8896.628620610823,889662.8620610806,0.8896628620610806,0.0
lockdown,60.0,0.675,129353.89891102565,191.0,8907.415424713327,890741.5424713363,0.8907415424713363,0.0
lockdown,60.0,0.75,130439.2722249939,202.0,8914.779964821979,891477.9964821956,0.8914779964821956,0.0
lockdown,60.0,0.825,131214.89539895835,214.0,8919.736588832659,891973.6588832684,0.8919736588832684,0.0
lockdown,60.0,0.9,131719.776179071,229.0,8923.073121660067,892307.3121660054,0.8923073121660053,0.0
lockdown,70.0,0.0,134503.70805828852,120.0,8941.076039269194,894107.603926919,0.894107603926919,0.0
lockdown,70.0,0.075,118799.95548002662,124.0,8789.457555435343,878945.7555435345,0.8789457555435345,0.0
lockdown,70.0,0.15,101958.58394090692,128.0,8679.070818382945,867907.0818382924,0.8679070818382925,0.0
lockdown,70.0,0.225,94065.03884107809,142.0,8630.611026982679,863061.1026982648,0.8630611026982647,0.0
lockdown,70.0,0.3,95058.40672627122,151.0,8640.526005125928,864052.6005125936,0.8640526005125936,0.0
lockdown,70.0,0.375,100091.12726644242,159.0,8685.043687257812,868504.3687257805,0.8685043687257805,0.0
lockdown,70.0,0.45,106520.0502308882,167.0,8739.047039539104,873904.70395391,0.8739047039539101,0.0
lockdown,70.0,0.525,112644.53112976083,175.0,8787.582049316306,878758.2049316319,0.8787582049316319,0.0
lockdown,70.0,0.6,117651.7715127981,184.0,8825.460903886025,882546.0903886037,0.8825460903886038,0.0
lockdown,70.0,0.675,121445.28911873065,193.0,8852.845163756083,885284.5163756066,0.8852845163756067,0.0
lockdown,70.0,0.75,124114.67807922326,204.0,8871.826790080982,887182.6790080997,0.8871826790080997,0.0
lockdown,70.0,0.825,125998.84306623793,216.0,8884.72482909863,888472.482909863,0.888472482909863,0.0
lockdown,70.0,0.9,127254.70315288962,231.0,8893.463783401381,889346.3783401363,0.8893463783401363,0.0
lockdown,80.0,0.0,134503.70805828852,120.0,8941.076039269194,894107.603926919,0.894107603926919,0.0
lockdown,80.0,0.075,119309.20804981414,122.0,8740.683967612698,874068.3967612687,0.8740683967612687,0.0
lockdown,80.0,0.15,103129.41336808055,125.0,8549.85708505855,854985.7085058559,0.8549857085058559,0.0
lockdown,80.0,0.225,85996.04924509686,129.0,8408.328254608126,840832.8254608181,0.8408328254608182,0.0
lockdown,80.0,0.3,68113.81414393127,133.0,8352.227464303618,835222.7464303651,0.8352227464303651,0.0
lockdown,80.0,0.375,70376.92200073515,162.0,8383.559999433164,838355.9999433191,0.8383559999433191,0.0
lockdown,80.0,0.45,77736.9000747187,171.0,8467.620649885665,846762.0649885652,0.8467620649885652,0.0
lockdown,80.0,0.525,86998.10617260165,180.0,8563.904729326794,856390.4729326797,0.8563904729326797,0.0
lockdown,80.0,0.6,95938.24507510566,189.0,8648.38008042512,864838.0080425126,0.8648380080425125,0.0
lockdown,80.0,0.675,103427.84606711677,198.0,8713.471997345578,871347.1997345586,0.8713471997345585,0.0
lockdown,80.0,0.75,109151.34389337059,208.0,8760.326123477891,876032.6123477889,0.8760326123477888,0.0
lockdown,80.0,0.825,113331.79005964259,220.0,8792.945867974267,879294.5867974279,0.8792945867974279,0.0
lockdown,80.0,0.9,116315.58778332254,235.0,8815.420008178009,881542.0008178012,0.8815420008178012,0.0
lockdown,90.0,0.0,134503.70805828852,120.0,8941.076039269194,894107.603926919,0.894107603926919,0.0
lockdown,90.0,0.075,120689.88954740134,121.0,8715.677272339992,871567.7272339988,0.8715677272339988,0.0
lockdown,90.0,0.15,106071.17996560707,122.0,8464.969166159706,846496.9166159708,0.8464969166159708,0.0
lockdown,90.0,0.225,90831.17183627244,123.0,8214.715984829492,821471.5984829513,0.8214715984829513,0.0
lockdown,90.0,0.3,75314.84477486514,124.0,8015.4983746832695,801549.8374684452,0.8015498374684452,0.0
lockdown,90.0,0.375,60200.91654565838,123.0,7927.5110038774965,792751.1003886976,0.7927511003886976,0.0
lockdown,90.0,0.45,46993.90782336217,117.0,7969.636372581231,796963.6372591682,0.7969636372591682,0.0
lockdown,90.0,0.525,49509.56217992581,189.0,8096.1416728894,809614.1672892373,0.8096141672892373,0.0
lockdown,90.0,0.6,59527.9856350194,199.0,8244.456820011239,824445.6820011779,0.824445682001178,0.0
lockdown,90.0,0.675,69813.15645033336,209.0,8376.66633213187,837666.6332132012,0.8376666332132012,0.0
lockdown,90.0,0.75,78924.96332960857,219.0,8480.484068095857,848048.4068095898,0.8480484068095898,0.0
lockdown,90.0,0.825,86305.86608349942,231.0,8557.051205172462,855705.1205172485,0.8557051205172486,0.0
lockdown,90.0,0.9,91970.0086853285,245.0,8612.00220573863,861200.2205738645,0.8612002205738646,0.0
lockdown,100.0,0.0,134503.70805828852,120.0,8941.076039269194,894107.603926919,0.894107603926919,0.0
lockdown,100.0,0.075,123760.8193318024,120.0,8719.709556010075,871970.9556010062,0.8719709556010061,0.0
lockdown,100.0,0.15,112770.75134086926,119.0,8458.609869665255,845860.9869665256,0.8458609869665256,0.0
lockdown,100.0,0.225,101909.31048761508,118.0,8161.201692494292,816120.1692494329,0.8161201692494329,0.0
lockdown,100.0,0.3,91707.36188308937,116.0,7844.685963607728,784468.5963615995,0.7844685963615995,0.0
lockdown,100.0,0.375,83144.20588499444,113.0,7552.848256148781,755284.825715466,0.7552848257154661,0.0
lockdown,100.0,0.45,77493.3979136249,108.0,7363.857292478615,736385.7320053232,0.7363857320053232,0.0
lockdown,100.0,0.525,74450.11667977786,105.0,7346.642467866159,734664.255308572,0.7346642553085719,0.0
lockdown,100.0,0.6,72715.98553961446,104.0,7474.518917910268,747451.8957993252,0.7474518957993252,0.0
lockdown,100.0,0.675,71584.52788859063,103.0,7658.802978960567,765880.2986854616,0.7658802986854616,0.0
lockdown,100.0,0.75,70695.37971306863,103.0,7837.503571936434,783750.3573425208,0.7837503573425209,0.0
lockdown,100.0,0.825,70156.9352932954,102.0,7987.081949054187,798708.1949465742,0.7987081949465742,0.0
lockdown,100.0,0.9,69720.76360566309,102.0,8104.391181534308,810439.1181734848,0.8104391181734848,0.0
lockdown,110.0,0.0,134503.70805828852,120.0,8941.076039269194,894107.603926919,0.894107603926919,0.0
lockdown,110.0,0.075,129508.9104407416,119.0,8753.669811880736,875366.9811880741,0.8753669811880741,0.0
lockdown,110.0,0.15,125169.89897401896,117.0,8535.43147167957,853543.1471679576,0.8535431471679576,0.0
lockdown,110.0,0.225,121821.88225928303,116.0,8284.289768700319,828428.9768700332,0.8284289768700331,0.0
lockdown,110.0,0.3,119388.73794537265,114.0,8000.316459879923,800031.645988023,0.800031645988023,0.0
lockdown,110.0,0.375,117776.28258283211,113.0,7687.384456014631,768738.4456055629,0.7687384456055629,0.0
lockdown,110.0,0.45,116732.57378055535,113.0,7355.711630004892,735571.1635136288,0.7355711635136287,0.0
lockdown,110.0,0.525,115951.59877520692,112.0,7026.9310287323115,702693.1496337675,0.7026931496337675,0.0
lockdown,110.0,0.6,115429.27453044055,112.0,6746.9896686225975,674701.0636749951,0.674701063674995,0.0
lockdown,110.0,0.675,114905.65917193756,112.0,6605.468442490783,660572.3639893942,0.6605723639893941,0.0
lockdown,110.0,0.75,114403.21486595199,111.0,6663.020464251321,666359.8801255164,0.6663598801255164,0.0
lockdown,110.0,0.825,114256.28029280336,111.0,6828.330502683627,682875.1343053139,0.6828751343053139,0.0
lockdown,110.0,0.9,114109.09907370772,111.0,7004.989283584954,700521.7211516249,0.7005217211516249,0.0
lockdown,120.0,0.0,134503.70805828852,120.0,8941.076039269194,894107.603926919,0.894107603926919,0.0
lockdown,120.0,0.075,134503.70807162774,120.0,8807.986117381886,880798.6117381874,0.8807986117381874,0.0
lockdown,120.0,0.15,134503.70807567117,120.0,8661.082042579326,866108.2042579345,0.8661082042579344,0.0
lockdown,120.0,0.225,134503.708075741,120.0,8500.393144145435,850039.314414544,0.8500393144145441,0.0
lockdown,120.0,0.3,134503.7080756726,120.0,8326.559271362288,832655.9271362269,0.8326559271362269,0.0
lockdown,120.0,0.375,134503.70807573714,120.0,8140.936794649931,814093.679464996,0.814093679464996,0.0
lockdown,120.0,0.45,134503.7080755906,120.0,7945.681947838755,794568.1947839044,0.7945681947839044,0.0
lockdown,120.0,0.525,134503.70807559942,120.0,7743.719748311141,774371.9748316309,0.7743719748316309,0.0
lockdown,120.0,0.6,134503.7080754365,120.0,7538.595006426231,753859.5006508271,0.7538595006508271,0.0
lockdown,120.0,0.675,134503.70807557768,120.0,7334.22328003256,733422.3281097689,0.7334223281097689,0.0
lockdown,120.0,0.75,134503.70807568292,120.0,7134.526365153185,713452.6375906088,0.7134526375906088,0.0
lockdown,120.0,0.825,134503.7080756079,120.0,6943.066153272431,694306.6233499378,0.6943066233499379,0.0
lockdown,120.0,0.9,134503.7080756869,120.0,6762.713341256899,676271.37597681,0.67627137597681,0.0
lockdown,130.0,0.0,134503.70805828852,120.0,8941.076039269194,894107.603926919,0.894107603926919,0.0
lockdown,130.0,0.075,134503.70805828852,120.0,8861.259656112483,886125.9656112501,0.8861259656112501,0.0
lockdown,130.0,0.15,134503.70805828852,120.0,8778.168056929988,877816.8056930014,0.8778168056930014,0.0
lockdown,130.0,0.225,134503.70805828852,120.0,8692.283325077324,869228.3325077336,0.8692283325077336,0.0
lockdown,130.0,0.3,134503.70805828852,120.0,8604.189409441538,860418.9409441537,0.8604189409441537,0.0
lockdown,130.0,0.375,134503.70805828852,120.0,8514.558793888458,851455.8793888468,0.8514558793888468,0.0
lockdown,130.0,0.45,134503.70805828852,120.0,8424.137374239872,842413.7374239867,0.8424137374239866,0.0
lockdown,130.0,0.525,134503.70805828852,120.0,8333.699203611017,833369.920361106,0.833369920361106,0.0
lockdown,130.0,0.6,134503.70805828852,120.0,8244.027054970895,824402.70549709,0.82440270549709,0.0
lockdown,130.0,0.675,134503.70805828852,120.0,8155.863187670548,815586.3187670545,0.8155863187670545,0.0
lockdown,130.0,0.75,134503.70805828852,120.0,8069.88057052437,806988.057052439,0.8069880570524389,0.0
lockdown,130.0,0.825,134503.70805828852,120.0,7986.6535022247035,798665.3502224719,0.7986653502224719,0.0
lockdown,130.0,0.9,134503.70805828852,120.0,7906.634719111753,790663.4719111769,0.7906634719111769,0.0
lockdown,140.0,0.0,134503.70805828852,120.0,8941.076039269194,894107.603926919,0.894107603926919,0.0
lockdown,140.0,0.075,134503.70805828852,120.0,8898.821729714864,889882.1729714873,0.8898821729714873,0.0
lockdown,140.0,0.15,134503.70805828852,120.0,8856.661950243517,885666.1950243519,0.885666195024352,0.0
lockdown,140.0,0.225,134503.70805828852,120.0,8814.770198311462,881477.0198311475,0.8814770198311475,0.0
lockdown,140.0,0.3,134503.70805828852,120.0,8773.313854257618,877331.3854257615,0.8773313854257615,0.0
lockdown,140.0,0.375,134503.70805828852,120.0,8732.451690232874,873245.1690232919,0.8732451690232919,0.0
lockdown,140.0,0.45,134503.70805828852,120.0,8692.32723991051,869232.7239910531,0.8692327239910531,0.0
lockdown,140.0,0.525,134503.70805828852,120.0,8653.074214498487,865307.4214498531,0.8653074214498531,0.0
lockdown,140.0,0.6,134503.70805828852,120.0,8614.800980163593,861480.0980163587,0.8614800980163587,0.0
lockdown,140.0,0.675,134503.70805828852,120.0,8577.601304161251,857760.130416125,0.857760130416125,0.0
lockdown,140.0,0.75,134503.70805828852,120.0,8541.548874311091,854154.8874311078,0.8541548874311078,0.0
lockdown,140.0,0.825,134503.70805828852,120.0,8506.6991341621,850669.9134162095,0.8506699134162096,0.0
lockdown,140.0,0.9,134503.70805828852,120.0,8473.085078266424,847308.5078266402,0.8473085078266401,0.0
lockdown,150.0,0.0,134503.70805828852,120.0,8941.076039269194,894107.603926919,0.894107603926919,0.0
lockdown,150.0,0.075,134503.70805828852,120.0,8920.349579046188,892034.9579046186,0.8920349579046186,0.0
lockdown,150.0,0.15,134503.70805828852,120.0,8900.17215080006,890017.2150800076,0.8900172150800075,0.0
lockdown,150.0,0.225,134503.70805828852,120.0,8880.563656963179,888056.3656963159,0.8880563656963159,0.0
lockdown,150.0,0.3,134503.70805828852,120.0,8861.54117152344,886154.1171523442,0.8861541171523442,0.0
lockdown,150.0,0.375,134503.70805828852,120.0,8843.113195000886,884311.3195000855,0.8843113195000856,0.0
lockdown,150.0,0.45,134503.70805828852,120.0,8825.285484560474,882528.5484560487,0.8825285484560487,0.0
lockdown,150.0,0.525,134503.70805828852,120.0,8808.059499904302,880805.9499904294,0.8808059499904295,0.0
lockdown,150.0,0.6,134503.70805828852,120.0,8791.432158423822,879143.2158423822,0.8791432158423822,0.0
lockdown,150.0,0.675,134503.70805828852,120.0,8775.397233633857,877539.723363387,0.877539723363387,0.0
lockdown,150.0,0.75,134503.70805828852,120.0,8759.945048077858,875994.504807786,0.875994504807786,0.0
lockdown,150.0,0.825,134503.70805828852,120.0,8745.063250426922,874506.32504269,0.87450632504269,0.0
lockdown,150.0,0.9,134503.70805828852,120.0,8730.738047956844,873073.8047956848,0.8730738047956847,0.0
