kind,start_day,strength,peak_infectious,peak_day,cumulative_deaths,cumulative_infections,attack_rate,vaccinated
isolation,0.0,0.0,134503.70805828852,120.0,8941.076039269194,894107.603926919,0.894107603926919,0.0
isolation,0.0,0.025,94559.69475692873,135.0,8303.6869760704,830368.6976070387,0.8303686976070387,0.0
isolation,0.0,0.05,64602.40283950775,154.0,7536.235006169836,753623.500616983,0.753623500616983,0.0
isolation,0.0,0.075,42381.79618268645,180.0,6651.423801529785,665142.3801530265,0.6651423801530265,0.0
isolation,0.0,0.1,26172.52597917751,216.0,5660.202138218719,566020.2138600696,0.5660202138600696,0.0
isolation,0.0,0.125,14719.600073285399,269.0,4571.869041238718,457186.9267258458,0.45718692672584577,0.0
isolation,0.0,0.15,7061.154470856498,356.0,3393.892197802108,339397.666389464,0.339397666389464,0.0
isolation,0.0,0.175,2451.171119602029,531.0,2020.4689720479064,203285.3046327165,0.2032853046327165,0.0
isolation,0.0,0.2,131.75745952535104,730.0,95.90020890444347,9950.249590696249,0.009950249590696248,0.0
isolation,0.0,0.225,10.0,0.0,3.208460575872799,321.44990041083423,0.00032144990041083424,0.0
isolation,0.0,0.25,10.0,0.0,1.0992155396855037,109.9227483998333,0.0001099227483998333,0.0
isolation,0.0,0.275,10.0,0.0,0.6880769682150703,68.80770015818813,6.880770015818812e-05,0.0
isolation,0.0,0.3,10.0,0.0,0.5166008598787653,51.66008600092591,5.166008600092591e-05,0.0
isolation,10.0,0.0,134503.70805828852,120.0,8941.076039269194,894107.603926919,0.894107603926919,0.0
isolation,10.0,0.025,94557.08810291947,133.0,8303.701675571361,830370.1675571356,0.8303701675571356,0.0
isolation,10.0,0.05,64620.555744846555,150.0,7536.278758749624,753627.8758749621,0.753627875874962,0.0
isolation,10.0,0.075,42382.09193088328,173.0,6651.519160017511,665151.9160017864,0.6651519160017864,0.0
isolation,10.0,0.1,26175.44673130108,203.0,5660.386772176202,566038.6772395093,0.5660386772395093,0.0
isolation,10.0,0.125,14724.377600696424,249.0,4572.212904440191,457221.30171100126,0.4572213017110013,0.0
isolation,10.0,0.15,7067.579693325558,322.0,3394.7947268703474,339483.13936473115,0.3394831393647311,0.0
isolation,10.0,0.175,2458.1585613364437,464.0,2091.367662665896,209635.91237061477,0.20963591237061477,0.0
isolation,10.0,0.2,264.8774763707517,730.0,238.69061762721665,24590.75927512696,0.02459075927512696,0.0
isolation,10.0,0.225,14.698050140268693,10.0,10.353190348019686,1037.2670785514827,0.0010372670785514827,0.0
isolation,10.0,0.25,14.698062716584097,10.0,3.6826993101588323,368.27434356448623,0.00036827434356448625,0.0
isolation,10.0,0.275,14.698060607224052,10.0,2.362585548235761,236.2585686070102,0.0002362585686070102,0.0
isolation,10.0,0.3,14.69805493016051,10.0,1.8111140902324392,181.11140908301925,0.00018111140908301924,0.0
isolation,20.0,0.0,134503.70805828852,120.0,8941.076039269194,894107.603926919,0.894107603926919,0.0
isolation,20.0,0.025,94537.85585074342,132.0,8303.736839103018,830373.6839103039,0.8303736839103039,0.0
isolation,20.0,0.05,64616.97846666772,146.0,7536.383417649605,753638.3417649614,0.7536383417649614,0.0
isolation,20.0,0.075,42397.00311296669,166.0,6651.747253665158,665174.7253665371,0.6651747253665371,0.0
isolation,20.0,0.1,26185.316382771394,192.0,5660.828369967945,566082.8370103535,0.5660828370103534,0.0
isolation,20.0,0.125,14738.397555075016,231.0,4573.03437308094,457303.4435096639,0.4573034435096639,0.0
isolation,20.0,0.15,7082.621995689817,292.0,3396.4533299883706,339647.12758081144,0.33964712758081145,0.0
isolation,20.0,0.175,2474.886039719853,407.0,2119.6861804957584,212190.4302014004,0.21219043020140038,0.0
isolation,20.0,0.2,331.02101520231435,698.0,432.89243863892074,44180.276118720685,0.044180276118720684,0.0
isolation,20.0,0.225,38.76289536804258,20.0,26.906469358887108,2695.4610851256257,0.002695461085125626,0.0
isolation,20.0,0.25,38.76289160062218,20.0,9.833682010851398,983.3807947387393,0.0009833807947387393,0.0
isolation,20.0,0.275,38.76288771561251,20.0,6.360650027793016,636.0650460947725,0.0006360650460947724,0.0
isolation,20.0,0.3,38.762844781413065,20.0,4.904401647912048,490.44016499530187,0.0004904401649953019,0.0
isolation,30.0,0.0,134503.70805828852,120.0,8941.076039269194,894107.603926919,0.894107603926919,0.0
isolation,30.0,0.025,94572.775782985,130.0,8303.829861083375,830382.9861083381,0.8303829861083382,0.0
isolation,30.0,0.05,64636.153300703256,143.0,7536.660263172096,753666.0263172121,0.7536660263172121,0.0
isolation,30.0,0.075,42419.320022397114,159.0,6652.350526254485,665235.0526254654,0.6652350526254655,0.0
isolation,30.0,0.1,26215.346455760715,182.0,5661.996041708026,566199.604179124,0.566199604179124,0.0
isolation,30.0,0.125,14772.556633180053,213.0,4575.205053263419,457520.5086908319,0.4575205086908319,0.0
isolation,30.0,0.15,7122.2984119066,263.0,3400.6224587952474,340063.1039242127,0.3400631039242127,0.0
isolation,30.0,0.175,2519.145414029419,349.0,2139.8316118255993,214076.79470306827,0.21407679470306826,0.0
isolation,30.0,0.2,379.3218516245045,508.0,649.944263780009,65687.57698807678,0.06568757698807677,0.0
isolation,30.0,0.225,102.59005020345148,30.0,67.66292495556344,6776.419708177194,0.006776419708177194,0.0
isolation,30.0,0.25,102.59002623432205,30.0,25.912738016787692,2591.307046191264,0.002591307046191264,0.0
isolation,30.0,0.275,102.58998580967405,30.0,16.88571323753669,1688.5714528080298,0.0016885714528080298,0.0
isolation,30.0,0.3,102.5900541476605,30.0,13.064394020643372,1306.439402732671,0.001306439402732671,0.0
isolation,40.0,0.0,134503.70805828852,120.0,8941.076039269194,894107.603926919,0.894107603926919,0.0
isolation,40.0,0.025,94583.02303118045,128.0,8304.075965098455,830407.5965098486,0.8304075965098486,0.0
isolation,40.0,0.05,64687.16884434384,139.0,7537.392537167858,753739.2537167844,0.7537392537167844,0.0
isolation,40.0,0.075,42474.53765852905,152.0,6653.945642851128,665394.5642851209,0.6653945642851209,0.0
isolation,40.0,0.1,26292.919645960654,171.0,5665.081558330483,566508.1558380347,0.5665081558380347,0.0
isolation,40.0,0.125,14864.736412460163,196.0,4580.933375965081,458093.3393526816,0.4580933393526816,0.0
isolation,40.0,0.15,7227.721092900098,232.0,3411.4858723325992,341148.9729815526,0.3411489729815526,0.0
isolation,40.0,0.175,2636.2587252813614,289.0,2167.7791492633955,216813.4470796948,0.2168134470796948,0.0
isolation,40.0,0.2,507.1268812069899,331.0,844.1862975124145,84746.85495760832,0.08474685495760832,0.0
isolation,40.0,0.225,271.3990766051268,40.0,159.98010044472943,16012.817835192654,0.016012817835192653,0.0
isolation,40.0,0.25,271.3990431323639,40.0,67.18631482636461,6718.703751918809,0.006718703751918809,0.0
isolation,40.0,0.275,271.3988710502153,40.0,44.38020136097125,4438.020472308271,0.004438020472308271,0.0
isolation,40.0,0.3,271.39944559837784,40.0,34.4939029410231,3449.3902960723844,0.0034493902960723846,0.0
isolation,50.0,0.0,134503.70805828852,120.0,8941.076039269194,894107.603926919,0.894107603926919,0.0
isolation,50.0,0.025,94642.5974059549,127.0,8304.7263802868,830472.638028679,0.830472638028679,0.0
isolation,50.0,0.05,64802.652858696565,135.0,7539.326681013875,753932.6681013862,0.7539326681013861,0.0
isolation,50.0,0.075,42641.742440976894,146.0,6658.154911449648,665815.4911449696,0.6658154911449696,0.0
isolation,50.0,0.1,26499.566424538316,159.0,5673.210203825133,567321.020385318,0.567321020385318,0.0
isolation,50.0,0.125,15108.948878617963,177.0,4595.973528954825,459597.3537254465,0.4595973537254465,0.0
isolation,50.0,0.15,7506.243565880649,201.0,3439.7230129385125,343972.44952279865,0.34397244952279865,0.0
isolation,50.0,0.175,2945.855172202553,228.0,2227.798361479898,222790.30407927904,0.22279030407927905,0.0
isolation,50.0,0.2,845.0272034884742,196.0,1041.9374779938585,104281.38282399657,0.10428138282399657,0.0
isolation,50.0,0.225,717.1383344437086,50.0,343.7937265288371,34389.88113921162,0.03438988113921162,0.0
isolation,50.0,0.25,717.1381239318694,50.0,168.67203851117085,16867.302456418714,0.016867302456418716,0.0
isolation,50.0,0.275,717.1381679197634,50.0,114.74543901484265,11474.544527322672,0.011474544527322673,0.0
isolation,50.0,0.3,717.1382648151662,50.0,90.058980610053,9005.89806544994,0.009005898065449939,0.0
isolation,60.0,0.0,134503.70805828852,120.0,8941.076039269194,894107.603926919,0.894107603926919,0.0
isolation,60.0,0.025,94817.82767392248,125.0,8306.44049404737,830644.0494047381,0.8306440494047381,0.0
isolation,60.0,0.05,65103.43806995431,131.0,7544.416130323375,754441.6130323363,0.7544416130323364,0.0
isolation,60.0,0.075,43071.72608916244,139.0,6669.203971354151,666920.3971354181,0.6669203971354182,0.0
isolation,60.0,0.1,27043.194179080812,148.0,5694.455461945047,569445.5461958471,0.5694455461958471,0.0
isolation,60.0,0.125,15751.901474158874,159.0,4634.945802875316,463494.58059245,0.46349458059244997,0.0
isolation,60.0,0.15,8240.824982007367,169.0,3511.399574267365,351139.99602831894,0.35113999602831897,0.0
isolation,60.0,0.175,3762.6522716749746,170.0,2366.7543133000863,236677.14093498484,0.23667714093498485,0.0
isolation,60.0,0.2,1889.0860060269492,60.0,1326.8614801763488,132695.8423808782,0.1326958423808782,0.0
isolation,60.0,0.225,1889.0845517548485,60.0,667.354374495612,66737.62459812206,0.06673762459812206,0.0
isolation,60.0,0.25,1889.0860641820202,60.0,398.18272957425546,39818.321803464365,0.03981832180346437,0.0
isolation,60.0,0.275,1889.0859919910267,60.0,286.52317651690436,28652.318177348236,0.028652318177348236,0.0
isolation,60.0,0.3,1889.0860077606542,60.0,229.7231707449524,22972.317079703647,0.02297231707970365,0.0
isolation,70.0,0.0,134503.70805828852,120.0,8941.076039269194,894107.603926919,0.894107603926919,0.0
isolation,70.0,0.025,95227.7598609651,123.0,8310.924716113184,831092.471611319,0.8310924716113189,0.0
isolation,70.0,0.05,65898.71207974321,127.0,7557.677033610884,755767.7033610891,0.7557677033610891,0.0
isolation,70.0,0.075,44193.671284066026,131.0,6697.811872379609,669781.1872379628,0.6697811872379629,0.0
isolation,70.0,0.1,28466.030522520618,136.0,5748.865936637556,574886.5936641867,0.5748865936641867,0.0
isolation,70.0,0.125,17441.165740945267,139.0,4732.692690293835,473269.2690899596,0.47326926908995964,0.0
isolation,70.0,0.15,10167.720624853851,138.0,3683.2611331821477,368326.1173849573,0.3683261173849573,0.0
isolation,70.0,0.175,5905.2897262777,125.0,2664.4156567934356,266441.64618643373,0.26644164618643373,0.0
isolation,70.0,0.2,4935.929179498969,70.0,1793.9005385733105,179390.29085847558,0.17939029085847558,0.0
isolation,70.0,0.225,4935.928495484937,70.0,1195.9961193492811,119599.68198009364,0.11959968198009363,0.0
isolation,70.0,0.25,4935.933499293767,70.0,856.4966319327535,85649.66683714715,0.08564966683714714,0.0
isolation,70.0,0.275,4935.933322178972,70.0,668.9206171845619,66892.06180040856,0.06689206180040856,0.0
isolation,70.0,0.3,4935.933835362801,70.0,557.63164891827,55763.16489322097,0.05576316489322097,0.0
isolation,80.0,0.0,134503.70805828852,120.0,8941.076039269194,894107.603926919,0.894107603926919,0.0
isolation,80.0,0.025,96296.5833227706,121.0,8322.433703722569,832243.3703722579,0.8322433703722579,0.0
isolation,80.0,0.05,67954.28358596882,123.0,7591.364746623181,759136.474662317,0.7591364746623169,0.0
isolation,80.0,0.075,47112.67087110034,124.0,6769.358630742891,676935.8630742886,0.6769358630742885,0.0
isolation,80.0,0.1,32141.78268625122,124.0,5881.48008741156,588148.0087412084,0.5881480087412083,0.0
isolation,80.0,0.125,21804.398559035977,121.0,4960.433125733884,496043.31257642223,0.49604331257642226,0.0
isolation,80.0,0.15,15147.135159964097,113.0,4052.3460924121946,405234.6093081392,0.4052346093081392,0.0
isolation,80.0,0.175,12628.204341451716,80.0,3219.8792156748077,321987.9219710858,0.3219879219710858,0.0
isolation,80.0,0.2,12628.20471984724,80.0,2528.9148206177397,252891.48257806821,0.2528914825780682,0.0
isolation,80.0,0.225,12628.214749105267,80.0,2012.8117865123934,201281.17879884547,0.20128117879884547,0.0
isolation,80.0,0.25,12628.19085132113,80.0,1653.747086310822,165374.70864473772,0.16537470864473772,0.0
isolation,80.0,0.275,12628.19629588981,80.0,1408.5276673082808,140852.766731468,0.140852766731468,0.0
isolation,80.0,0.3,12628.210755227985,80.0,1238.0497501850134,123804.9750185228,0.1238049750185228,0.0
isolation,90.0,0.0,134503.70805828852,120.0,8941.076039269194,894107.603926919,0.894107603926919,0.0
isolation,90.0,0.025,99013.32510878448,120.0,8350.590419966742,835059.041996674,0.835059041996674,0.0
isolation,90.0,0.05,73053.74141295915,119.0,7671.775061176918,767177.5061176899,0.7671775061176899,0.0
isolation,90.0,0.075,54352.24155345047,117.0,6934.193904006139,693419.3904006145,0.6934193904006145,0.0
isolation,90.0,0.1,41299.33742792367,113.0,6171.349992663534,617134.9992663527,0.6171349992663527,0.0
isolation,90.0,0.125,32663.263032977997,107.0,5420.972099227568,542097.209922767,0.542097209922767,0.0
isolation,90.0,0.15,30650.195797842545,90.0,4722.161295716195,472216.1295716682,0.4722161295716682,0.0
isolation,90.0,0.175,30650.199325089234,90.0,4107.930376848447,410793.037684916,0.410793037684916,0.0
isolation,90.0,0.2,30650.197774034645,90.0,3596.26214356917,359626.2143569547,0.3596262143569547,0.0
isolation,90.0,0.225,30650.192006912064,90.0,3186.8834105061974,318688.3410506273,0.31868834105062727,0.0
isolation,90.0,0.25,30650.199216431938,90.0,2866.5014130196428,286650.1413019647,0.2866501413019647,0.0
isolation,90.0,0.275,30650.19513998995,90.0,2617.1473500815855,261714.73500815855,0.26171473500815856,0.0
isolation,90.0,0.3,30650.202524027576,90.0,2421.944271783285,242194.42717832848,0.24219442717832848,0.0
isolation,100.0,0.0,134503.70805828852,120.0,8941.076039269194,894107.603926919,0.894107603926919,0.0
isolation,100.0,0.025,105221.60675453987,118.0,8412.235916004121,841223.5916004104,0.8412235916004104,0.0
isolation,100.0,0.05,84737.5155941004,115.0,7838.840126246772,783884.0126246767,0.7838840126246767,0.0
isolation,100.0,0.075,70939.02103089592,111.0,7254.545104373519,725454.5104373527,0.7254545104373527,0.0
isolation,100.0,0.1,65884.38635387855,100.0,6689.62778903867,668962.7789038669,0.6689627789038669,0.0
isolation,100.0,0.125,65884.40254770502,100.0,6167.92929656055,616792.9296560537,0.6167929296560537,0.0
isolation,100.0,0.15,65884.38540879785,100.0,5704.352348892532,570435.2348892525,0.5704352348892524,0.0
isolation,100.0,0.175,65884.24294786844,100.0,5304.411150124865,530441.1150124876,0.5304411150124876,0.0
isolation,100.0,0.2,65884.39657286365,100.0,4966.114985972469,496611.498597247,0.496611498597247,0.0
isolation,100.0,0.225,65884.43918186406,100.0,4682.979414182889,468297.94141828764,0.4682979414182876,0.0
isolation,100.0,0.25,65884.42708426749,100.0,4446.796124450898,444679.61244509084,0.44467961244509085,0.0
isolation,100.0,0.275,65884.40610753957,100.0,4249.420863768903,424942.08637689,0.42494208637689,0.0
isolation,100.0,0.3,65884.43735101781,100.0,4083.6413371922035,408364.13371922035,0.40836413371922037,0.0
isolation,110.0,0.0,134503.70805828852,120.0,8941.076039269194,894107.603926919,0.894107603926919,0.0
isolation,110.0,0.025,117340.59558391127,116.0,8520.64422668257,852064.4226682546,0.8520644226682546,0.0
isolation,110.0,0.05,111858.61513743561,110.0,8107.54833507247,810754.8335072465,0.8107548335072464,0.0
isolation,110.0,0.075,111858.627631694,110.0,7722.942227678853,772294.2227678857,0.7722942227678856,0.0
isolation,110.0,0.1,111858.58924728789,110.0,7378.1323869110565,737813.2386911052,0.7378132386911052,0.0
isolation,110.0,0.125,111858.56942738843,110.0,7076.62697548654,707662.697548654,0.7076626975486541,0.0
isolation,110.0,0.15,111858.30886613332,110.0,6816.854478005832,681685.4478005812,0.6816854478005813,0.0
isolation,110.0,0.175,111858.60430584694,110.0,6594.623187999938,659462.3187999935,0.6594623187999935,0.0
isolation,110.0,0.2,111858.61734039785,110.0,6404.814208917954,640481.4208917953,0.6404814208917953,0.0
isolation,110.0,0.225,111858.60090809812,110.0,6242.381025828666,624238.1025828649,0.6242381025828649,0.0
isolation,110.0,0.25,111858.43462553014,110.0,6102.7983403860135,610279.8340385992,0.6102798340385992,0.0
isolation,110.0,0.275,111858.62672918523,110.0,5982.207427258285,598220.7427258303,0.5982207427258303,0.0
isolation,110.0,0.3,111858.58220972907,110.0,5877.396319775365,587739.6319775385,0.5877396319775384,0.0
isolation,120.0,0.0,134503.70805828852,120.0,8941.076039269194,894107.603926919,0.894107603926919,0.0
isolation,120.0,0.025,134503.3969385031,120.0,8657.371889159913,865737.188915995,0.8657371889159949,0.0
isolation,120.0,0.05,134503.70774230084,120.0,8410.165623573692,841016.5623573688,0.8410165623573688,0.0
isolation,120.0,0.075,134503.6992976857,120.0,8200.190889824886,820019.0889824877,0.8200190889824877,0.0
isolation,120.0,0.1,134503.6864193023,120.0,8023.714525080145,802371.4525080143,0.8023714525080142,0.0
isolation,120.0,0.125,134503.69057139344,120.0,7875.624952792092,787562.4952792086,0.7875624952792086,0.0
isolation,120.0,0.15,134503.452828999,120.0,7750.9142890654575,775091.428906545,0.775091428906545,0.0
isolation,120.0,0.175,134503.64420378392,120.0,7645.240721259798,764524.0721259814,0.7645240721259814,0.0
isolation,120.0,0.2,134503.70799312837,120.0,7555.029090298888,755502.909029887,0.755502909029887,0.0
isolation,120.0,0.225,134503.58283275482,120.0,7477.410378619354,747741.0378619338,0.7477410378619338,0.0
isolation,120.0,0.25,134503.55778029768,120.0,7410.11044325336,741011.0443253367,0.7410110443253367,0.0
isolation,120.0,0.275,134503.67927527937,120.0,7351.322355142904,735132.2355142896,0.7351322355142896,0.0
isolation,120.0,0.3,134503.56010819878,120.0,7299.6079916199415,729960.7991619945,0.7299607991619945,0.0
isolation,130.0,0.0,134503.70805828852,120.0,8941.076039269194,894107.603926919,0.894107603926919,0.0
isolation,130.0,0.025,134503.70805828852,120.0,8777.411263492122,877741.1263492125,0.8777411263492125,0.0
isolation,130.0,0.05,134503.70805828852,120.0,8649.012729676842,864901.2729676845,0.8649012729676846,0.0
isolation,130.0,0.075,134503.70805828852,120.0,8547.413450373451,854741.3450373464,0.8547413450373463,0.0
isolation,130.0,0.1,134503.70805828852,120.0,8465.893063260119,846589.3063260115,0.8465893063260116,0.0
isolation,130.0,0.125,134503.70805828852,120.0,8399.484146087703,839948.4146087723,0.8399484146087722,0.0
isolation,130.0,0.15,134503.70805828852,120.0,8344.58424868048,834458.4248680477,0.8344584248680477,0.0
isolation,130.0,0.175,134503.70805828852,120.0,8298.575991815369,829857.5991815381,0.8298575991815381,0.0
isolation,130.0,0.2,134503.70805828852,120.0,8259.542182399437,825954.2182399443,0.8259542182399443,0.0
isolation,130.0,0.225,134503.70805828852,120.0,8226.057665905291,822605.7665905294,0.8226057665905293,0.0
isolation,130.0,0.25,134503.70805828852,120.0,8197.047615469874,819704.761546988,0.819704761546988,0.0
isolation,130.0,0.275,134503.70805828852,120.0,8171.69390542207,817169.3905422065,0.8171693905422065,0.0
isolation,130.0,0.3,134503.70805828852,120.0,8149.3582935848135,814935.829358481,0.814935829358481,0.0
isolation,140.0,0.0,134503.70805828852,120.0,8941.076039269194,894107.603926919,0.894107603926919,0.0
isolation,140.0,0.025,134503.70805828852,120.0,8856.54380893484,885654.3808934828,0.8856543808934828,0.0
isolation,140.0,0.05,134503.70805828852,120.0,8794.735329519315,879473.5329519336,0.8794735329519335,0.0
isolation,140.0,0.075,134503.70805828852,120.0,8747.959776951455,874795.9776951424,0.8747959776951424,0.0
isolation,140.0,0.1,134503.70805828852,120.0,8711.499279345382,871149.9279345351,0.871149927934535,0.0
isolation,140.0,0.125,134503.70805828852,120.0,8682.361374675407,868236.1374675408,0.8682361374675408,0.0
isolation,140.0,0.15,134503.70805828852,120.0,8658.584068388069,865858.4068388073,0.8658584068388073,0.0
isolation,140.0,0.175,134503.70805828852,120.0,8638.835721977428,863883.5721977423,0.8638835721977423,0.0
isolation,140.0,0.2,134503.70805828852,120.0,8622.186625528464,862218.6625528472,0.8622186625528472,0.0
isolation,140.0,0.225,134503.70805828852,120.0,8607.967781738851,860796.7781738853,0.8607967781738853,0.0
isolation,140.0,0.25,134503.70805828852,120.0,8595.688469625295,859568.8469625292,0.8595688469625292,0.0
isolation,140.0,0.275,134503.70805828852,120.0,8584.980798407682,858498.0798407709,0.858498079840771,0.0
isolation,140.0,0.3,134503.70805828852,120.0,8575.562916392177,857556.291639218,0.857556291639218,0.0
isolation,150.0,0.0,134503.70805828852,120.0,8941.076039269194,894107.603926919,0.894107603926919,0.0
isolation,150.0,0.025,134503.70805828852,120.0,8900.168294694262,890016.8294694262,0.8900168294694262,0.0
isolation,150.0,0.05,134503.70805828852,120.0,8871.41690036152,887141.6900361517,0.8871416900361516,0.0
isolation,150.0,0.075,134503.70805828852,120.0,8850.184096692434,885018.4096692429,0.885018409669243,0.0
isolation,150.0,0.1,134503.70805828852,120.0,8833.893753761178,883389.3753761195,0.8833893753761195,0.0
isolation,150.0,0.125,134503.70805828852,120.0,8821.015617118168,882101.561711815,0.882101561711815,0.0
isolation,150.0,0.15,134503.70805828852,120.0,8810.586618518852,881058.6618518839,0.8810586618518839,0.0
isolation,150.0,0.175,134503.70805828852,120.0,8801.973621907962,880197.3621907975,0.8801973621907975,0.0
isolation,150.0,0.2,134503.70805828852,120.0,8794.742134738015,879474.213473801,0.8794742134738011,0.0
isolation,150.0,0.225,134503.70805828852,120.0,8788.58595827204,878858.595827203,0.878858595827203,0.0
isolation,150.0,0.25,134503.70805828852,120.0,8783.282968368032,878328.2968368039,0.8783282968368039,0.0
isolation,150.0,0.275,134503.70805828852,120.0,8778.667718591983,877866.7718591967,0.8778667718591967,0.0
isolation,150.0,0.3,134503.70805828852,120.0,8774.61488804689,877461.4888046869,0.8774614888046869,0.0
